{"cameraMode":{"drawMode":0,"name":"Shaded","section":"Shading Mode"},"sceneLighting":false,"audioPlay":false,"sceneViewState":{"m_AlwaysRefresh":false,"showFog":true,"showSkybox":false,"showFlares":true,"showImageEffects":true,"showParticleSystems":true,"showVisualEffectGraphs":true,"m_FxEnabled":true},"in2DMode":false,"pivot":{"x":-0.6800804734230042,"y":-0.9180230498313904,"z":1.2139726877212525},"rotation":{"x":-0.5138800740242004,"y":0.07212117314338684,"z":-0.04342427849769592,"w":-0.8537783026695252},"size":2.7880473136901857,"orthographic":false}